# region	tier	task	RuneLite requirement expression
Ardougne	easy	Have Wizard Cromperty teleport you to the Rune Essence mine.	new QuestRequirement(Quest.RUNE_MYSTERIES)
Ardougne	easy	Steal a cake from the Ardougne market stalls.	new SkillRequirement(Skill.THIEVING, 5)
Ardougne	easy	Enter the Combat Training Camp north of W. Ardougne.	new QuestRequirement(Quest.BIOHAZARD)
Ardougne	medium	Enter the Unicorn pen in Ardougne zoo using Fairy rings.	new QuestRequirement(Quest.FAIRYTALE_II__CURE_A_QUEEN, true)
Ardougne	medium	Grapple over Yanille's south wall.	new SkillRequirement(Skill.AGILITY, 39), new SkillRequirement(Skill.STRENGTH, 38), new SkillRequirement(Skill.RANGED, 21)
Ardougne	medium	Harvest some strawberries from the Ardougne farming patch.	new SkillRequirement(Skill.FARMING, 31)
Ardougne	medium	Cast the Ardougne Teleport spell.	new SkillRequirement(Skill.MAGIC, 51), new QuestRequirement(Quest.PLAGUE_CITY)
Ardougne	medium	Travel to Castlewars by Hot Air Balloon.	new SkillRequirement(Skill.FIREMAKING, 50), new QuestRequirement(Quest.ENLIGHTENED_JOURNEY)
Ardougne	medium	Claim buckets of sand from Bert in Yanille.	new SkillRequirement(Skill.CRAFTING, 49), new QuestRequirement(Quest.THE_HAND_IN_THE_SAND)
Ardougne	medium	Catch any fish on the Fishing Platform.	new QuestRequirement(Quest.SEA_SLUG, true)
Ardougne	medium	Pickpocket the master farmer north of Ardougne.	new SkillRequirement(Skill.THIEVING, 38)
Ardougne	medium	Collect some Nightshade from the Skavid Caves.	new QuestRequirement(Quest.WATCHTOWER, true)
Ardougne	medium	Kill a swordchick in the Tower of Life.	new QuestRequirement(Quest.TOWER_OF_LIFE)
Ardougne	medium	Equip Iban's upgraded staff or upgrade an Iban staff.	new SkillRequirement(Skill.MAGIC, 50), new SkillRequirement(Skill.ATTACK, 50), new QuestRequirement(Quest.UNDERGROUND_PASS)
Ardougne	medium	Visit the Island East of the Necromancer's tower.	new QuestRequirement(Quest.FAIRYTALE_II__CURE_A_QUEEN, true)
Ardougne	hard	Recharge some Jewellery at the Totem in the Legends Guild.	new QuestRequirement(Quest.LEGENDS_QUEST)
Ardougne	hard	Recharge some Jewellery at Totem in the Legends Guild.	new QuestRequirement(Quest.LEGENDS_QUEST)
Ardougne	hard	Enter the Magic Guild.	new SkillRequirement(Skill.MAGIC, 66)
Ardougne	hard	Steal from a chest in Ardougne Castle.	new SkillRequirement(Skill.THIEVING, 72)
Ardougne	hard	Have a zookeeper put you in Ardougne Zoo's monkey cage.	new QuestRequirement(Quest.MONKEY_MADNESS_I, true)
Ardougne	hard	Teleport to the Watchtower.	new SkillRequirement(Skill.MAGIC, 58), new QuestRequirement(Quest.WATCHTOWER)
Ardougne	hard	Catch a Red Salamander.	new SkillRequirement(Skill.HUNTER, 59)
Ardougne	hard	Check the health of a Palm tree near tree gnome village.	new SkillRequirement(Skill.FARMING, 68)
Ardougne	hard	Pick some Poison Ivy berries from the patch south of Ardougne.	new SkillRequirement(Skill.FARMING, 70)
Ardougne	hard	Smith a Mithril platebody near Ardougne.	new SkillRequirement(Skill.SMITHING, 68)
Ardougne	hard	Enter your POH from Yanille.	new SkillRequirement(Skill.CONSTRUCTION, 50)
Ardougne	hard	Smith a Dragon sq shield in West Ardougne.	new SkillRequirement(Skill.SMITHING, 60), new QuestRequirement(Quest.LEGENDS_QUEST)
Ardougne	hard	Craft some Death runes from Essence.	new SkillRequirement(Skill.RUNECRAFT, 65), new QuestRequirement(Quest.MOURNINGS_END_PART_II)
Ardougne	elite	Catch a Manta ray in the Fishing Trawler and cook it in Port Khazard.	new SkillRequirement(Skill.FISHING, 81), new SkillRequirement(Skill.COOKING, 91)
Ardougne	elite	Picklock the door to the basement of Yanille Agility Dungeon.	new SkillRequirement(Skill.THIEVING, 82)
Ardougne	elite	Pickpocket a Hero.	new SkillRequirement(Skill.THIEVING, 80)
Ardougne	elite	Make a rune crossbow yourself from scratch within Witchaven or Yanille.	new SkillRequirement(Skill.CRAFTING, 10), new SkillRequirement(Skill.SMITHING, 91), new SkillRequirement(Skill.FLETCHING, 69)
Ardougne	elite	Imbue a Salve amulet at Nightmare Zone, or equip a Salve amulet that was imbued there.	new QuestRequirement(Quest.HAUNTED_MINE)
Ardougne	elite	Pick some Torstol from the patch north of Ardougne.	new SkillRequirement(Skill.FARMING, 85)
Ardougne	elite	Complete a lap of Ardougne's rooftop agility course.	new SkillRequirement(Skill.AGILITY, 90)
Ardougne	elite	Cast Ice Barrage on another player within Castle Wars.	new SkillRequirement(Skill.MAGIC, 94), new QuestRequirement(Quest.DESERT_TREASURE_I)
Desert	easy	Catch a Golden Warbler.	new SkillRequirement(Skill.HUNTER, 5)
Desert	easy	Mine 5 clay in the north-eastern desert.	new SkillRequirement(Skill.MINING, 5)
Desert	easy	Open the Sarcophagus in the first room of Pyramid Plunder.	new SkillRequirement(Skill.THIEVING, 21), new QuestRequirement(Quest.ICTHLARINS_LITTLE_HELPER, true)
Desert	medium	Climb to the summit of the Agility Pyramid.	new SkillRequirement(Skill.AGILITY, 30)
Desert	medium	Slay a desert lizard.	new SkillRequirement(Skill.SLAYER, 22)
Desert	medium	Catch an Orange Salamander.	new SkillRequirement(Skill.HUNTER, 47)
Desert	medium	Steal a feather from the Desert Phoenix.	new SkillRequirement(Skill.THIEVING, 25)
Desert	medium	Travel to Uzer via Magic Carpet.	new QuestRequirement(Quest.THE_GOLEM)
Desert	medium	Travel to the Desert via Eagle.	new QuestRequirement(Quest.EAGLES_PEAK)
Desert	medium	Pray at the Elidinis statuette in Nardah.	new QuestRequirement(Quest.SPIRITS_OF_THE_ELID)
Desert	medium	Create a combat potion in the desert.	new SkillRequirement(Skill.HERBLORE, 36)
Desert	medium	Teleport to Enakhra's Temple with the Camulet.	new QuestRequirement(Quest.ENAKHRAS_LAMENT)
Desert	medium	Visit the Genie.	new QuestRequirement(Quest.SPIRITS_OF_THE_ELID)
Desert	medium	Teleport to Pollnivneach with a redirected teleport to house tablet.	new SkillRequirement(Skill.CONSTRUCTION, 20)
Desert	medium	Chop some Teak logs near Uzer.	new SkillRequirement(Skill.WOODCUTTING, 35)
Desert	hard	Knock out and pickpocket a Menaphite Thug.	new SkillRequirement(Skill.THIEVING, 65), new QuestRequirement(Quest.THE_FEUD)
Desert	hard	Mine some Granite.	new SkillRequirement(Skill.MINING, 45)
Desert	hard	Refill your waterskins in the Desert using Lunar magic.	new SkillRequirement(Skill.MAGIC, 68), new QuestRequirement(Quest.DREAM_MENTOR)
Desert	hard	Complete a lap of the Pollnivneach agility course.	new SkillRequirement(Skill.AGILITY, 70)
Desert	hard	Slay a Dust Devil in the desert cave with a Slayer helmet equipped.	new SkillRequirement(Skill.SLAYER, 65), new SkillRequirement(Skill.DEFENCE, 10), new SkillRequirement(Skill.CRAFTING, 55), new QuestRequirement(Quest.DESERT_TREASURE_I, true)
Desert	hard	Activate Ancient Magicks at the altar in the Jaldraocht Pyramid.	new QuestRequirement(Quest.DESERT_TREASURE_I)
Desert	hard	Defeat a Locust Rider with Keris.	new SkillRequirement(Skill.ATTACK, 50), new QuestRequirement(Quest.CONTACT)
Desert	hard	Burn some yew logs on the Nardah Mayor's balcony.	new SkillRequirement(Skill.FIREMAKING, 60)
Desert	hard	Create a Mithril Platebody in Nardah.	new SkillRequirement(Skill.SMITHING, 68)
Desert	elite	Bake a wild pie at the Nardah Clay Oven.	new SkillRequirement(Skill.COOKING, 85)
Desert	elite	Cast Ice Barrage against a foe in the Desert.	new SkillRequirement(Skill.MAGIC, 94), new QuestRequirement(Quest.DESERT_TREASURE_I)
Desert	elite	Fletch some Dragon darts at the Bedabin Camp.	new SkillRequirement(Skill.FLETCHING, 95), new QuestRequirement(Quest.THE_TOURIST_TRAP)
Desert	elite	Speak to the KQ head in your POH.	new SkillRequirement(Skill.CONSTRUCTION, 78), new QuestRequirement(Quest.PRIEST_IN_PERIL)
Desert	elite	Steal from the Grand Gold Chest in the final room of Pyramid Plunder.	new SkillRequirement(Skill.THIEVING, 91), new QuestRequirement(Quest.ICTHLARINS_LITTLE_HELPER, true)
Desert	elite	Restore at least 85 Prayer points when praying at the Altar in Sophanem.	new SkillRequirement(Skill.PRAYER, 85), new QuestRequirement(Quest.ICTHLARINS_LITTLE_HELPER, true)
Falador	easy	Find out what your family crest is from Sir Renitee.	new SkillRequirement(Skill.CONSTRUCTION, 16)
Falador	easy	Climb over the western Falador wall.	new SkillRequirement(Skill.AGILITY, 5)
Falador	easy	Smith some Blurite Limbs on Doric's Anvil.	new SkillRequirement(Skill.MINING, 10), new SkillRequirement(Skill.SMITHING, 13), new QuestRequirement(Quest.THE_KNIGHTS_SWORD), new QuestRequirement(Quest.DORICS_QUEST)
Falador	medium	Light a Bullseye lantern at the Chemist's in Rimmington.	new SkillRequirement(Skill.FIREMAKING, 49)
Falador	medium	Telegrab some Wine of Zamorak at the Chaos Temple by the Wilderness.	new SkillRequirement(Skill.MAGIC, 33)
Falador	medium	Place a Scarecrow in the Falador farming patch.	new SkillRequirement(Skill.FARMING, 23)
Falador	medium	Kill a Mogre at Mudskipper Point.	new SkillRequirement(Skill.SLAYER, 32), new QuestRequirement(Quest.SKIPPY_AND_THE_MOGRES)
Falador	medium	Visit the Port Sarim Rat Pits.	new QuestRequirement(Quest.RATCATCHERS, true)
Falador	medium	Grapple up and then jump off the north Falador wall.	new SkillRequirement(Skill.AGILITY, 11), new SkillRequirement(Skill.STRENGTH, 37), new SkillRequirement(Skill.RANGED, 19)
Falador	medium	Pickpocket a Falador guard.	new SkillRequirement(Skill.THIEVING, 40)
Falador	medium	Pray at the Altar of Guthix in Taverley whilst wearing full Initiate.	new SkillRequirement(Skill.PRAYER, 10), new SkillRequirement(Skill.DEFENCE, 20), new QuestRequirement(Quest.RECRUITMENT_DRIVE)
Falador	medium	Mine some Gold ore at the Crafting Guild.	new SkillRequirement(Skill.CRAFTING, 40), new SkillRequirement(Skill.MINING, 40)
Falador	medium	Squeeze through the crevice in the Dwarven mines.	new SkillRequirement(Skill.AGILITY, 42)
Falador	medium	Chop and burn some Willow logs in Taverley	new SkillRequirement(Skill.WOODCUTTING, 30), new SkillRequirement(Skill.FIREMAKING, 30)
Falador	medium	Craft a fruit basket on the Falador Farm loom.	new SkillRequirement(Skill.CRAFTING, 36)
Falador	medium	Teleport to Falador.	new SkillRequirement(Skill.MAGIC, 37)
Falador	hard	Craft 140 Mind runes simultaneously from Essence without the use of Extracts.	new SkillRequirement(Skill.RUNECRAFT, 56)
Falador	hard	Change your family crest to the Saradomin symbol.	new SkillRequirement(Skill.PRAYER, 70)
Falador	hard	Kill a Skeletal Wyvern in the Asgarnia Ice Dungeon.	new SkillRequirement(Skill.SLAYER, 72)
Falador	hard	Complete a lap of the Falador rooftop agility course.	new SkillRequirement(Skill.AGILITY, 50)
Falador	hard	Enter the mining guild wearing a Prospector helmet.	new SkillRequirement(Skill.MINING, 60)
Falador	hard	Kill the Blue Dragon under the Heroes' Guild.	new QuestRequirement(Quest.HEROES_QUEST)
Falador	hard	Crack a wall safe within Rogues Den.	new SkillRequirement(Skill.THIEVING, 50)
Falador	hard	Recharge your prayer in the Port Sarim church while wearing full Proselyte.	new SkillRequirement(Skill.DEFENCE, 30), new QuestRequirement(Quest.THE_SLUG_MENACE)
Falador	hard	Equip a dwarven helmet within the dwarven mines.	new SkillRequirement(Skill.DEFENCE, 50), new QuestRequirement(Quest.GRIM_TALES)
Falador	elite	Craft 252 Air Runes simultaneously from Essence without the use of Extracts.	new SkillRequirement(Skill.RUNECRAFT, 88)
Falador	elite	Purchase a White 2h Sword from Sir Vyvin.	new QuestRequirement(Quest.WANTED)
Falador	elite	Find at least 3 magic roots at once when digging up your magic tree in Falador.	new SkillRequirement(Skill.FARMING, 91), new SkillRequirement(Skill.WOODCUTTING, 75)
Falador	elite	Jump over the strange floor in Taverley dungeon.	new SkillRequirement(Skill.AGILITY, 80)
Falador	elite	Mix a Saradomin brew in Falador east bank.	new SkillRequirement(Skill.HERBLORE, 81)
Fremennik	easy	Catch a Cerulean twitch.	new SkillRequirement(Skill.HUNTER, 11)
Fremennik	easy	Change your boots at Yrsa's Shoe Store.	new QuestRequirement(Quest.THE_FREMENNIK_TRIALS)
Fremennik	easy	Craft a tiara from scratch in Rellekka.	new SkillRequirement(Skill.CRAFTING, 23), new SkillRequirement(Skill.MINING, 20), new SkillRequirement(Skill.SMITHING, 20), new QuestRequirement(Quest.THE_FREMENNIK_TRIALS)
Fremennik	easy	Browse the Stonemasons shop.	new QuestRequirement(Quest.THE_GIANT_DWARF, true)
Fremennik	easy	Steal from the Keldagrim crafting or baker's stall.	new SkillRequirement(Skill.THIEVING, 5), new QuestRequirement(Quest.THE_GIANT_DWARF, true)
Fremennik	easy	Enter the Troll Stronghold.	new QuestRequirement(Quest.DEATH_PLATEAU), new QuestRequirement(Quest.TROLL_STRONGHOLD, true)
Fremennik	easy	Chop and burn some oak logs in the Fremennik Province.	new SkillRequirement(Skill.WOODCUTTING, 15), new SkillRequirement(Skill.FIREMAKING, 15)
Fremennik	medium	Slay a Brine rat.	new SkillRequirement(Skill.SLAYER, 47), new QuestRequirement(Quest.OLAFS_QUEST, true)
Fremennik	medium	Travel to the Snowy Hunter Area via Eagle.	new QuestRequirement(Quest.EAGLES_PEAK)
Fremennik	medium	Mine some coal in Rellekka.	new SkillRequirement(Skill.MINING, 30), new QuestRequirement(Quest.THE_FREMENNIK_TRIALS)
Fremennik	medium	Steal from the Rellekka Fish stalls.	new SkillRequirement(Skill.THIEVING, 42), new QuestRequirement(Quest.THE_FREMENNIK_TRIALS)
Fremennik	medium	Travel to Miscellania by Fairy ring.	new QuestRequirement(Quest.THE_FREMENNIK_TRIALS), new QuestRequirement(Quest.FAIRYTALE_II__CURE_A_QUEEN, true)
Fremennik	medium	Catch a Snowy knight.	new SkillRequirement(Skill.HUNTER, 35)
Fremennik	medium	Pick up your Pet Rock from your POH Menagerie.	new SkillRequirement(Skill.CONSTRUCTION, 37), new QuestRequirement(Quest.THE_FREMENNIK_TRIALS)
Fremennik	medium	Visit the Lighthouse from Waterbirth island.	new QuestRequirement(Quest.HORROR_FROM_THE_DEEP), new QuestRequirement(Quest.THE_FREMENNIK_TRIALS, true)
Fremennik	medium	Mine some gold at the Arzinian mine.	new SkillRequirement(Skill.MINING, 40), new QuestRequirement(Quest.BETWEEN_A_ROCK, true)
Fremennik	hard	Teleport to Trollheim.	new SkillRequirement(Skill.MAGIC, 61), new QuestRequirement(Quest.EADGARS_RUSE)
Fremennik	hard	Catch a Sabre-toothed Kyatt.	new SkillRequirement(Skill.HUNTER, 55)
Fremennik	hard	Mix a super defence potion in the Fremennik province.	new SkillRequirement(Skill.HERBLORE, 66)
Fremennik	hard	Steal from the Keldagrim Gem Stall.	new SkillRequirement(Skill.THIEVING, 75), new QuestRequirement(Quest.THE_GIANT_DWARF, true)
Fremennik	hard	Craft a Fremennik shield on Neitiznot.	new SkillRequirement(Skill.WOODCUTTING, 56), new QuestRequirement(Quest.THE_FREMENNIK_ISLES)
Fremennik	hard	Mine 5 Adamantite ores on Jatizso.	new SkillRequirement(Skill.MINING, 70), new QuestRequirement(Quest.THE_FREMENNIK_ISLES)
Fremennik	hard	Obtain 100% support from your kingdom subjects.	new QuestRequirement(Quest.THRONE_OF_MISCELLANIA)
Fremennik	hard	Teleport to Waterbirth Island.	new SkillRequirement(Skill.MAGIC, 72), new QuestRequirement(Quest.LUNAR_DIPLOMACY)
Fremennik	hard	Obtain the Blast Furnace Foreman's permission to use the Blast Furnace for free.	new SkillRequirement(Skill.SMITHING, 60), new QuestRequirement(Quest.THE_GIANT_DWARF, true)
Fremennik	elite	Craft 56 astral runes simultaneously from Essence without the use of Extracts.	new SkillRequirement(Skill.RUNECRAFT, 82), new QuestRequirement(Quest.LUNAR_DIPLOMACY)
Fremennik	elite	Create a dragonstone amulet in the Neitiznot furnace.	new SkillRequirement(Skill.CRAFTING, 80), new QuestRequirement(Quest.THE_FREMENNIK_ISLES, true)
Fremennik	elite	Complete a lap of the Rellekka agility course.	new SkillRequirement(Skill.AGILITY, 80)
Fremennik	elite	Kill the generals of Armadyl, Bandos, Saradomin and Zamorak in the God Wars Dungeon.	new SkillRequirement(Skill.AGILITY, 70), new SkillRequirement(Skill.STRENGTH, 70), new SkillRequirement(Skill.HITPOINTS, 70), new SkillRequirement(Skill.RANGED, 70), new QuestRequirement(Quest.TROLL_STRONGHOLD)
Fremennik	elite	Slay a Spiritual mage within the Godwars Dungeon.	new SkillRequirement(Skill.SLAYER, 83), new QuestRequirement(Quest.TROLL_STRONGHOLD)
Kandarin	easy	Catch a Mackerel at Catherby.	new SkillRequirement(Skill.FISHING, 16)
Kandarin	easy	Plant some Jute seeds in the patch north of McGrubor's Wood.	new SkillRequirement(Skill.FARMING, 13)
Kandarin	easy	Defeat one of each elemental in the workshop.	new QuestRequirement(Quest.ELEMENTAL_WORKSHOP_I, true)
Kandarin	easy	Cross the Coal truck log shortcut.	new SkillRequirement(Skill.AGILITY, 20)
Kandarin	medium	Complete a lap of the Barbarian agility course.	new SkillRequirement(Skill.AGILITY, 35), new QuestRequirement(Quest.ALFRED_GRIMHANDS_BARCRAWL)
Kandarin	medium	Create a Super Antipoison potion from scratch in the Seers/Catherby Area.	new SkillRequirement(Skill.HERBLORE, 48)
Kandarin	medium	Enter the Ranging guild.	new SkillRequirement(Skill.RANGED, 40)
Kandarin	medium	Use the grapple shortcut to get from the water obelisk to Catherby shore.	new SkillRequirement(Skill.AGILITY, 36), new SkillRequirement(Skill.STRENGTH, 22), new SkillRequirement(Skill.RANGED, 39)
Kandarin	medium	Catch and cook a Bass in Catherby.	new SkillRequirement(Skill.FISHING, 46), new SkillRequirement(Skill.COOKING, 43)
Kandarin	medium	Teleport to Camelot.	new SkillRequirement(Skill.MAGIC, 45)
Kandarin	medium	String a Maple shortbow in Seers' Village bank.	new SkillRequirement(Skill.FLETCHING, 50)
Kandarin	medium	Pick some Limpwurt root from the farming patch in Catherby.	new SkillRequirement(Skill.FARMING, 26)
Kandarin	medium	Create a Mind helmet.	new QuestRequirement(Quest.ELEMENTAL_WORKSHOP_II)
Kandarin	medium	Kill a Fire Giant inside Baxtorian Waterfall.	new QuestRequirement(Quest.WATERFALL_QUEST, true)
Kandarin	medium	Steal from the chest in Hemenster.	new SkillRequirement(Skill.THIEVING, 47)
Kandarin	medium	Travel to McGrubor's Wood by Fairy Ring.	new QuestRequirement(Quest.FAIRYTALE_II__CURE_A_QUEEN, true)
Kandarin	medium	Mine some coal near the coal trucks.	new SkillRequirement(Skill.MINING, 30)
Kandarin	hard	Catch a Leaping Sturgeon.	new SkillRequirement(Skill.FISHING, 70), new SkillRequirement(Skill.AGILITY, 45), new SkillRequirement(Skill.STRENGTH, 45)
Kandarin	hard	Complete a lap of the Seers' Village agility course.	new SkillRequirement(Skill.AGILITY, 60)
Kandarin	hard	Create a Yew Longbow from scratch around Seers' Village.	new SkillRequirement(Skill.WOODCUTTING, 60), new SkillRequirement(Skill.FLETCHING, 70), new SkillRequirement(Skill.CRAFTING, 10)
Kandarin	hard	Enter the Seers' Village courthouse with piety turned on.	new SkillRequirement(Skill.PRAYER, 70), new SkillRequirement(Skill.DEFENCE, 70), new QuestRequirement(Quest.KINGS_RANSOM)
Kandarin	hard	Charge a Water Orb.	new SkillRequirement(Skill.MAGIC, 56)
Kandarin	hard	Burn some Maple logs with a bow in Seers' Village.	new SkillRequirement(Skill.FIREMAKING, 65)
Kandarin	hard	Kill a Shadow Hound in the Shadow dungeon.	new SkillRequirement(Skill.THIEVING, 53), new QuestRequirement(Quest.DESERT_TREASURE_I, true)
Kandarin	hard	Purchase and equip a granite body from Barbarian Assault.	new SkillRequirement(Skill.STRENGTH, 50), new SkillRequirement(Skill.DEFENCE, 50)
Kandarin	hard	Have the Seers' estate agent decorate your house with Fancy Stone.	new SkillRequirement(Skill.CONSTRUCTION, 50)
Kandarin	hard	Smith an Adamant spear at Otto's Grotto.	new SkillRequirement(Skill.SMITHING, 75), new QuestRequirement(Quest.TAI_BWO_WANNAI_TRIO)
Kandarin	elite	Pick some Dwarf weed from the herb patch at Catherby.	new SkillRequirement(Skill.FARMING, 79)
Kandarin	elite	Fish and Cook 5 Sharks in Catherby using the Cooking gauntlets.	new SkillRequirement(Skill.FISHING, 76), new SkillRequirement(Skill.COOKING, 80), new QuestRequirement(Quest.FAMILY_CREST)
Kandarin	elite	Mix a Stamina Mix on top of the Seers' Village bank.	new SkillRequirement(Skill.HERBLORE, 86), new SkillRequirement(Skill.AGILITY, 60)
Kandarin	elite	Smith a Rune Hasta at Otto's Grotto.	new SkillRequirement(Skill.SMITHING, 90)
Kandarin	elite	Construct a Pyre ship from Magic Logs.(Requires Chewed Bones.)	new SkillRequirement(Skill.FIREMAKING, 85), new SkillRequirement(Skill.CRAFTING, 85)
Kandarin	elite	Teleport to Catherby.	new SkillRequirement(Skill.MAGIC, 87), new QuestRequirement(Quest.LUNAR_DIPLOMACY)
Karamja	easy	Use the rope swing to travel to the small island north-west of Karamja, where the 	+ "moss giants are.", new SkillRequirement(Skill.AGILITY, 10)
Karamja	easy	Mine some gold from the rocks on the north-west peninsula of Karamja.	new SkillRequirement(Skill.MINING, 40)
Karamja	easy	Explore Cairn Island to the west of Karamja.	new SkillRequirement(Skill.AGILITY, 15)
Karamja	medium	Claim a ticket from the Agility Arena in Brimhaven.	new SkillRequirement(Skill.AGILITY, 30)
Karamja	medium	Discover hidden wall in the dungeon below the volcano.	new QuestRequirement(Quest.DRAGON_SLAYER_I, true)
Karamja	medium	Visit the Isle of Crandor via the dungeon below the volcano.	new QuestRequirement(Quest.DRAGON_SLAYER_I, true)
Karamja	medium	Use Vigroy and Hajedy's cart service.	new QuestRequirement(Quest.SHILO_VILLAGE)
Karamja	medium	Earn 100% favour in the village of Tai Bwo Wannai.	new SkillRequirement(Skill.WOODCUTTING, 10), new QuestRequirement(Quest.JUNGLE_POTION)
Karamja	medium	Cook a spider on a stick.	new SkillRequirement(Skill.COOKING, 16)
Karamja	medium	Charter the Lady of the Waves from Cairn Isle to Port Khazard.	new QuestRequirement(Quest.SHILO_VILLAGE)
Karamja	medium	Cut a log from a teak tree.	new SkillRequirement(Skill.WOODCUTTING, 35), new QuestRequirement(Quest.JUNGLE_POTION)
Karamja	medium	Cut a log from a mahogany tree.	new SkillRequirement(Skill.WOODCUTTING, 50), new QuestRequirement(Quest.JUNGLE_POTION)
Karamja	medium	Catch a karambwan.	new SkillRequirement(Skill.FISHING, 65), new QuestRequirement(Quest.TAI_BWO_WANNAI_TRIO, true)
Karamja	medium	Exchange gems for a machete.	new QuestRequirement(Quest.JUNGLE_POTION)
Karamja	medium	Use the gnome glider to travel to Karamja.	new QuestRequirement(Quest.THE_GRAND_TREE)
Karamja	medium	Grow a healthy fruit tree in the patch near Brimhaven.	new SkillRequirement(Skill.FARMING, 27)
Karamja	medium	Trap a horned graahk.	new SkillRequirement(Skill.HUNTER, 41)
Karamja	medium	Chop the vines to gain deeper access to Brimhaven Dungeon.	new SkillRequirement(Skill.WOODCUTTING, 10)
Karamja	medium	Cross the lava using the stepping stones within Brimhaven Dungeon.	new SkillRequirement(Skill.AGILITY, 12)
Karamja	medium	Climb the stairs within Brimhaven Dungeon.	new SkillRequirement(Skill.WOODCUTTING, 10)
Karamja	medium	Charter a ship from the shipyard in the far east of Karamja.	new QuestRequirement(Quest.THE_GRAND_TREE)
Karamja	medium	Mine a red topaz from a gem rock.	new SkillRequirement(Skill.MINING, 40), new OrRequirement( new QuestRequirement(Quest.SHILO_VILLAGE), new QuestRequirement(Quest.JUNGLE_POTION) )
Karamja	hard	Craft some nature runes from Essence.	new SkillRequirement(Skill.RUNECRAFT, 44)
Karamja	hard	Cook a karambwan thoroughly.	new SkillRequirement(Skill.COOKING, 30), new QuestRequirement(Quest.TAI_BWO_WANNAI_TRIO)
Karamja	hard	Kill a deathwing in the dungeon under the Kharazi Jungle.	new SkillRequirement(Skill.WOODCUTTING, 15), new SkillRequirement(Skill.STRENGTH, 50), new SkillRequirement(Skill.AGILITY, 50), new SkillRequirement(Skill.THIEVING, 50), new SkillRequirement(Skill.MINING, 52), new QuestRequirement(Quest.LEGENDS_QUEST)
Karamja	hard	Use the crossbow shortcut south of the volcano.	new SkillRequirement(Skill.AGILITY, 53), new SkillRequirement(Skill.RANGED, 42), new SkillRequirement(Skill.STRENGTH, 21)
Karamja	hard	Collect 5 palm leaves.	new SkillRequirement(Skill.WOODCUTTING, 15), new QuestRequirement(Quest.LEGENDS_QUEST)
Karamja	hard	Be assigned a Slayer task by the Slayer Master in Shilo Village.	new CombatLevelRequirement(100), new SkillRequirement(Skill.SLAYER, 50), new QuestRequirement(Quest.SHILO_VILLAGE)
Karamja	elite	Craft 56 Nature runes simultaneously from Essence without the use of Extracts.	new SkillRequirement(Skill.RUNECRAFT, 91)
Karamja	elite	Check the health of a palm tree in Brimhaven.	new SkillRequirement(Skill.FARMING, 68)
Karamja	elite	Create an antivenom potion whilst standing in the horse shoe mine.	new SkillRequirement(Skill.HERBLORE, 87)
Karamja	elite	Check the health of your Calquat tree patch.	new SkillRequirement(Skill.FARMING, 72)
Kourend & Kebos	easy	Mine some Iron at the Mount Karuulm mine.	new SkillRequirement(Skill.MINING, 15)
Kourend & Kebos	easy	Steal from a Hosidius Food Stall.	new SkillRequirement(Skill.THIEVING, 25)
Kourend & Kebos	easy	Enter your Player Owned House from Hosidius.	new SkillRequirement(Skill.CONSTRUCTION, 25)
Kourend & Kebos	easy	Create a Strength potion in the Lovakengj Pub.	new SkillRequirement(Skill.HERBLORE, 12)
Kourend & Kebos	easy	Fish a Trout from the River Molch.	new SkillRequirement(Skill.FISHING, 20)
Kourend & Kebos	medium	Travel to the Fairy Ring south of Mount Karuulm.	new QuestRequirement(Quest.FAIRYTALE_II__CURE_A_QUEEN, true)
Kourend & Kebos	medium	Use Kharedst's memoirs to teleport to all five cities in Great Kourend.	new QuestRequirement(Quest.THE_DEPTHS_OF_DESPAIR), new QuestRequirement(Quest.THE_QUEEN_OF_THIEVES), new QuestRequirement(Quest.TALE_OF_THE_RIGHTEOUS), new QuestRequirement(Quest.THE_FORSAKEN_TOWER), new QuestRequirement(Quest.THE_ASCENT_OF_ARCEUUS)
Kourend & Kebos	medium	Mine some Volcanic sulphur.	new SkillRequirement(Skill.MINING, 42)
Kourend & Kebos	medium	Enter the Farming Guild.	new SkillRequirement(Skill.FARMING, 45)
Kourend & Kebos	medium	Repair a Piscarilius crane.	new SkillRequirement(Skill.CRAFTING, 30), new SkillRequirement(Skill.CONSTRUCTION, 30)
Kourend & Kebos	medium	Catch a Bluegill on Molch Island.	new SkillRequirement(Skill.FISHING, 43), new SkillRequirement(Skill.HUNTER, 35)
Kourend & Kebos	medium	Use the boulder leap in the Arceuus essence mine.	new SkillRequirement(Skill.AGILITY, 49)
Kourend & Kebos	medium	Subdue the Wintertodt.	new SkillRequirement(Skill.FIREMAKING, 50)
Kourend & Kebos	medium	Catch a Chinchompa in the Kourend Woodland.	new SkillRequirement(Skill.HUNTER, 53), new QuestRequirement(Quest.EAGLES_PEAK)
Kourend & Kebos	medium	Chop some Mahogany logs north of the Farming Guild.	new SkillRequirement(Skill.WOODCUTTING, 50)
Kourend & Kebos	hard	Enter the Woodcutting Guild.	new SkillRequirement(Skill.WOODCUTTING, 60)
Kourend & Kebos	hard	Smelt an Adamantite bar in The Forsaken Tower.	new SkillRequirement(Skill.SMITHING, 70), new QuestRequirement(Quest.THE_FORSAKEN_TOWER, true)
Kourend & Kebos	hard	Mine some Lovakite.	new SkillRequirement(Skill.MINING, 65)
Kourend & Kebos	hard	Plant some Logavano seeds at the Tithe Farm.	new SkillRequirement(Skill.FARMING, 74)
Kourend & Kebos	hard	Deliver an artefact to Captain Khaled.	new SkillRequirement(Skill.THIEVING, 49)
Kourend & Kebos	hard	Kill a Wyrm in the Karuulm Slayer Dungeon.	new SkillRequirement(Skill.SLAYER, 62)
Kourend & Kebos	hard	Cast Monster Examine on a Troll south of Mount Quidamortem.	new SkillRequirement(Skill.MAGIC, 66), new QuestRequirement(Quest.DREAM_MENTOR)
Kourend & Kebos	elite	Craft one or more Blood runes from Dark essence fragments.	new SkillRequirement(Skill.RUNECRAFT, 77), new SkillRequirement(Skill.MINING, 38), new SkillRequirement(Skill.CRAFTING, 38)
Kourend & Kebos	elite	Chop some Redwood logs.	new SkillRequirement(Skill.WOODCUTTING, 90)
Kourend & Kebos	elite	Catch an Anglerfish and cook it whilst in Great Kourend.	new SkillRequirement(Skill.FISHING, 82), new SkillRequirement(Skill.COOKING, 84)
Kourend & Kebos	elite	Kill a Hydra in the Karuulm Slayer Dungeon.	new SkillRequirement(Skill.SLAYER, 95)
Kourend & Kebos	elite	Create an Ape Atoll teleport tablet.	new SkillRequirement(Skill.MAGIC, 90), new SkillRequirement(Skill.MINING, 38), new SkillRequirement(Skill.CRAFTING, 38)
Kourend & Kebos	elite	Create your own Battlestaff from scratch within the Farming Guild.	new SkillRequirement(Skill.FARMING, 85), new SkillRequirement(Skill.FLETCHING, 40)
Lumbridge & Draynor	easy	Slay a Cave bug beneath Lumbridge Swamp.	new SkillRequirement(Skill.SLAYER, 7)
Lumbridge & Draynor	easy	Have Sedridor teleport you to the Essence Mine.	new QuestRequirement(Quest.RUNE_MYSTERIES)
Lumbridge & Draynor	easy	Craft some water runes from Essence.	new SkillRequirement(Skill.RUNECRAFT, 5)
Lumbridge & Draynor	easy	Chop and burn some oak logs in Lumbridge.	new SkillRequirement(Skill.WOODCUTTING, 15), new SkillRequirement(Skill.FIREMAKING, 15)
Lumbridge & Draynor	easy	Catch some Anchovies in Al Kharid.	new SkillRequirement(Skill.FISHING, 15)
Lumbridge & Draynor	easy	Bake some Bread on the Lumbridge kitchen range.	new QuestRequirement(Quest.COOKS_ASSISTANT)
Lumbridge & Draynor	easy	Mine some Iron ore at the Al Kharid mine.	new SkillRequirement(Skill.MINING, 15)
Lumbridge & Draynor	medium	Complete a lap of the Al Kharid agility course.	new SkillRequirement(Skill.AGILITY, 20)
Lumbridge & Draynor	medium	Grapple across the River Lum.	new SkillRequirement(Skill.AGILITY, 8), new SkillRequirement(Skill.STRENGTH, 19), new SkillRequirement(Skill.RANGED, 37)
Lumbridge & Draynor	medium	Purchase an upgraded device from Ava.	new SkillRequirement(Skill.RANGED, 50), new QuestRequirement(Quest.ANIMAL_MAGNETISM)
Lumbridge & Draynor	medium	Travel to the Wizards' Tower by Fairy ring.	new QuestRequirement(Quest.FAIRYTALE_II__CURE_A_QUEEN, true)
Lumbridge & Draynor	medium	Cast the teleport to Lumbridge spell.	new SkillRequirement(Skill.MAGIC, 31)
Lumbridge & Draynor	medium	Catch some Salmon in Lumbridge.	new SkillRequirement(Skill.FISHING, 30)
Lumbridge & Draynor	medium	Craft a coif in the Lumbridge cow pen.	new SkillRequirement(Skill.CRAFTING, 38)
Lumbridge & Draynor	medium	Chop some willow logs in Draynor Village.	new SkillRequirement(Skill.WOODCUTTING, 30)
Lumbridge & Draynor	medium	Pickpocket Martin the Master Gardener.	new SkillRequirement(Skill.THIEVING, 38)
Lumbridge & Draynor	medium	Get a slayer task from Chaeldar.	new CombatLevelRequirement(70), new QuestRequirement(Quest.LOST_CITY)
Lumbridge & Draynor	medium	Catch an Essence or Eclectic impling in Puro-Puro.	new SkillRequirement(Skill.HUNTER, 42), new QuestRequirement(Quest.LOST_CITY)
Lumbridge & Draynor	medium	Craft some Lava runes at the fire altar in Al Kharid.	new SkillRequirement(Skill.RUNECRAFT, 23)
Lumbridge & Draynor	hard	Cast Bones to Peaches in Al Kharid palace.	new SkillRequirement(Skill.MAGIC, 60)
Lumbridge & Draynor	hard	Squeeze past the jutting wall on your way to the cosmic altar.	new SkillRequirement(Skill.AGILITY, 46), new QuestRequirement(Quest.LOST_CITY)
Lumbridge & Draynor	hard	Craft 56 Cosmic runes simultaneously from Essence without the use of Extracts.	new SkillRequirement(Skill.RUNECRAFT, 59), new QuestRequirement(Quest.LOST_CITY)
Lumbridge & Draynor	hard	Travel from Lumbridge to Edgeville on a Waka Canoe.	new SkillRequirement(Skill.WOODCUTTING, 57)
Lumbridge & Draynor	hard	Collect at least 100 Tears of Guthix in one visit.	new QuestRequirement(Quest.TEARS_OF_GUTHIX)
Lumbridge & Draynor	hard	Take the train from Dorgesh-Kaan to Keldagrim.	new QuestRequirement(Quest.ANOTHER_SLICE_OF_HAM)
Lumbridge & Draynor	hard	Purchase some Barrows gloves from the Lumbridge bank chest.	new QuestRequirement(Quest.RECIPE_FOR_DISASTER)
Lumbridge & Draynor	hard	Pick some Belladonna from the farming patch at Draynor Manor.	new SkillRequirement(Skill.FARMING, 63)
Lumbridge & Draynor	hard	Light your mining helmet in the Lumbridge castle basement.	new SkillRequirement(Skill.FIREMAKING, 65)
Lumbridge & Draynor	hard	Recharge your prayer at the Emir's Arena with Smite activated.	new SkillRequirement(Skill.PRAYER, 52)
Lumbridge & Draynor	hard	Craft, string and enchant an Amulet of Power in Lumbridge.	new SkillRequirement(Skill.CRAFTING, 70), new SkillRequirement(Skill.MAGIC, 57)
Lumbridge & Draynor	elite	Steal from a Dorgesh-Kaan rich chest.	new SkillRequirement(Skill.THIEVING, 78), new QuestRequirement(Quest.DEATH_TO_THE_DORGESHUUN)
Lumbridge & Draynor	elite	Grapple across a pylon on the Dorgesh-Kaan Agility Course.	new SkillRequirement(Skill.AGILITY, 70), new SkillRequirement(Skill.RANGED, 70), new SkillRequirement(Skill.STRENGTH, 70), new QuestRequirement(Quest.DEATH_TO_THE_DORGESHUUN)
Lumbridge & Draynor	elite	Chop some magic logs at the Mage Training Arena.	new SkillRequirement(Skill.WOODCUTTING, 75)
Lumbridge & Draynor	elite	Smith an Adamant platebody down Draynor sewer.	new SkillRequirement(Skill.SMITHING, 88)
Lumbridge & Draynor	elite	Craft 140 or more Water runes simultaneously from Essence without the use of Extracts.	new SkillRequirement(Skill.RUNECRAFT, 76)
Morytania	easy	Craft any Snelm from scratch in Morytania.	new SkillRequirement(Skill.CRAFTING, 15)
Morytania	easy	Cook a thin Snail on the Port Phasmatys range.	new SkillRequirement(Skill.COOKING, 12)
Morytania	easy	Get a slayer task from the Slayer Master in Canifis.	new CombatLevelRequirement(20)
Morytania	easy	Kill a Banshee in the Slayer Tower.	new SkillRequirement(Skill.SLAYER, 15)
Morytania	easy	Place a Scarecrow in the Morytania flower patch.	new SkillRequirement(Skill.FARMING, 23)
Morytania	easy	Kill a werewolf in its human form using the Wolfbane Dagger.	new QuestRequirement(Quest.PRIEST_IN_PERIL)
Morytania	easy	Restore your prayer points at the nature altar.	new QuestRequirement(Quest.NATURE_SPIRIT)
Morytania	medium	Catch a swamp lizard.	new SkillRequirement(Skill.HUNTER, 29)
Morytania	medium	Complete a lap of the Canifis agility course.	new SkillRequirement(Skill.AGILITY, 40)
Morytania	medium	Obtain some Bark from a Hollow tree.	new SkillRequirement(Skill.WOODCUTTING, 45)
Morytania	medium	Kill a Terror Dog.	new SkillRequirement(Skill.SLAYER, 40), new QuestRequirement(Quest.LAIR_OF_TARN_RAZORLOR)
Morytania	medium	Complete a game of trouble brewing.	new SkillRequirement(Skill.COOKING, 40), new QuestRequirement(Quest.CABIN_FEVER)
Morytania	medium	Make a batch of cannonballs at the Port Phasmatys furnace.	new SkillRequirement(Skill.SMITHING, 35), new QuestRequirement(Quest.DWARF_CANNON)
Morytania	medium	Kill a Fever Spider on Braindeath Island.	new SkillRequirement(Skill.SLAYER, 42), new QuestRequirement(Quest.RUM_DEAL)
Morytania	medium	Use an ectophial to return to Port Phasmatys.	new QuestRequirement(Quest.GHOSTS_AHOY)
Morytania	medium	Mix a Guthix Balance potion while in Morytania.	new SkillRequirement(Skill.HERBLORE, 22), new QuestRequirement(Quest.IN_AID_OF_THE_MYREQUE, true)
Morytania	hard	Enter the Kharyrll portal in your POH.	new SkillRequirement(Skill.MAGIC, 66), new SkillRequirement(Skill.CONSTRUCTION, 50), new QuestRequirement(Quest.DESERT_TREASURE_I)
Morytania	hard	Climb the advanced spike chain within Slayer Tower.	new SkillRequirement(Skill.AGILITY, 71)
Morytania	hard	Harvest some Watermelon from the Allotment patch on Harmony Island.	new SkillRequirement(Skill.FARMING, 47), new QuestRequirement(Quest.THE_GREAT_BRAIN_ROBBERY, true)
Morytania	hard	Chop and burn some mahogany logs on Mos Le'Harmless.	new SkillRequirement(Skill.WOODCUTTING, 50), new SkillRequirement(Skill.FIREMAKING, 50), new QuestRequirement(Quest.CABIN_FEVER)
Morytania	hard	Complete a temple trek with a hard companion.	new QuestRequirement(Quest.IN_AID_OF_THE_MYREQUE)
Morytania	hard	Kill a Cave Horror.	new SkillRequirement(Skill.SLAYER, 58), new QuestRequirement(Quest.CABIN_FEVER)
Morytania	hard	Harvest some Bittercap Mushrooms from the patch in Canifis.	new SkillRequirement(Skill.FARMING, 53)
Morytania	hard	Pray at the Altar of Nature with Piety activated.	new SkillRequirement(Skill.PRAYER, 70), new SkillRequirement(Skill.DEFENCE, 70), new QuestRequirement(Quest.NATURE_SPIRIT), new QuestRequirement(Quest.KINGS_RANSOM)
Morytania	hard	Use the shortcut to get to the bridge over the Salve.	new SkillRequirement(Skill.AGILITY, 65)
Morytania	hard	Mine some Mithril ore in the Abandoned Mine.	new SkillRequirement(Skill.MINING, 55), new QuestRequirement(Quest.HAUNTED_MINE)
Morytania	elite	Catch a shark in Burgh de Rott with your bare hands.	new SkillRequirement(Skill.FISHING, 96), new SkillRequirement(Skill.STRENGTH, 76), new QuestRequirement(Quest.IN_AID_OF_THE_MYREQUE)
Morytania	elite	Cremate any Shade remains on a Magic or Redwood pyre.	new SkillRequirement(Skill.FIREMAKING, 80), new QuestRequirement(Quest.SHADES_OF_MORTTON)
Morytania	elite	Fertilize the Morytania herb patch using Lunar Magic.	new SkillRequirement(Skill.MAGIC, 83), new QuestRequirement(Quest.LUNAR_DIPLOMACY)
Morytania	elite	Craft a Black dragonhide body in Canifis bank.	new SkillRequirement(Skill.CRAFTING, 84)
Morytania	elite	Kill an Abyssal demon in the Slayer Tower.	new SkillRequirement(Skill.SLAYER, 85)
Morytania	elite	Loot the Barrows chest while wearing any complete barrows set.	new SkillRequirement(Skill.DEFENCE, 70), new OrRequirement( new SkillRequirement(Skill.ATTACK, 70), new SkillRequirement(Skill.STRENGTH, 70), new SkillRequirement(Skill.RANGED, 70), new SkillRequirement(Skill.MAGIC, 70) )
Varrock	easy	Have Aubury teleport you to the Essence mine.	new QuestRequirement(Quest.RUNE_MYSTERIES)
Varrock	easy	Mine some Iron in the south east mining patch near Varrock.	new SkillRequirement(Skill.MINING, 15)
Varrock	easy	Jump over the fence south of Varrock.	new SkillRequirement(Skill.AGILITY, 13)
Varrock	easy	Spin a bowl on the pottery wheel and fire it in the oven in Barb Village.	new SkillRequirement(Skill.CRAFTING, 8)
Varrock	easy	Craft some Earth runes from Essence.	new SkillRequirement(Skill.RUNECRAFT, 9)
Varrock	easy	Catch some trout in the River Lum at Barbarian Village.	new SkillRequirement(Skill.FISHING, 20)
Varrock	easy	Steal from the Tea stall in Varrock.	new SkillRequirement(Skill.THIEVING, 5)
Varrock	medium	Enter the Champions' Guild.	new QuestPointRequirement(32)
Varrock	medium	Select a colour for your kitten.	new QuestRequirement(Quest.GARDEN_OF_TRANQUILLITY, true), new QuestRequirement(Quest.GERTRUDES_CAT)
Varrock	medium	Use the spirit tree north of Varrock.	new QuestRequirement(Quest.TREE_GNOME_VILLAGE)
Varrock	medium	Enter the Tolna dungeon after completing A Soul's Bane.	new QuestRequirement(Quest.A_SOULS_BANE)
Varrock	medium	Teleport to the digsite using a Digsite pendant.	new QuestRequirement(Quest.THE_DIG_SITE)
Varrock	medium	Cast the teleport to Varrock spell.	new SkillRequirement(Skill.MAGIC, 25)
Varrock	medium	Get a Slayer task from Vannaka.	new CombatLevelRequirement(40)
Varrock	medium	Pick a White tree fruit.	new SkillRequirement(Skill.FARMING, 25), new QuestRequirement(Quest.GARDEN_OF_TRANQUILLITY)
Varrock	medium	Use the balloon to travel from Varrock.	new SkillRequirement(Skill.FIREMAKING, 40), new QuestRequirement(Quest.ENLIGHTENED_JOURNEY)
Varrock	medium	Complete a lap of the Varrock Agility course.	new SkillRequirement(Skill.AGILITY, 30)
Varrock	hard	Trade furs with the Fancy Dress Seller for a spottier cape and equip it.	new SkillRequirement(Skill.HUNTER, 66)
Varrock	hard	Make a Waka Canoe near Edgeville.	new SkillRequirement(Skill.WOODCUTTING, 57)
Varrock	hard	Teleport to Paddewwa.	new SkillRequirement(Skill.MAGIC, 54), new QuestRequirement(Quest.DESERT_TREASURE_I)
Varrock	hard	Chop some yew logs in Varrock and burn them at the top of the Varrock church.	new SkillRequirement(Skill.WOODCUTTING, 60), new SkillRequirement(Skill.FIREMAKING, 60)
Varrock	hard	Have the Varrock estate agent decorate your house with Fancy Stone.	new SkillRequirement(Skill.CONSTRUCTION, 50)
Varrock	hard	Collect at least 2 yew roots from the Tree patch in Varrock Palace.	new SkillRequirement(Skill.WOODCUTTING, 60), new SkillRequirement(Skill.FARMING, 68)
Varrock	hard	Pray at the altar in Varrock palace with Smite active.	new SkillRequirement(Skill.PRAYER, 52)
Varrock	hard	Squeeze through the obstacle pipe in Edgeville dungeon.	new SkillRequirement(Skill.AGILITY, 51)
Varrock	elite	Create a super combat potion in Varrock west bank.	new SkillRequirement(Skill.HERBLORE, 90), new QuestRequirement(Quest.DRUIDIC_RITUAL)
Varrock	elite	Use Lunar magic to make 20 mahogany planks at the Lumberyard.	new SkillRequirement(Skill.MAGIC, 86), new QuestRequirement(Quest.DREAM_MENTOR)
Varrock	elite	Bake a summer pie in the Cooking Guild.	new SkillRequirement(Skill.COOKING, 95)
Varrock	elite	Smith and fletch ten rune darts within Varrock.	new SkillRequirement(Skill.SMITHING, 89), new SkillRequirement(Skill.FLETCHING, 81), new QuestRequirement(Quest.THE_TOURIST_TRAP)
Varrock	elite	Craft 100 or more earth runes simultaneously from Essence without the use of Extracts.	new SkillRequirement(Skill.RUNECRAFT, 78)
Western Provinces	easy	Catch a Copper Longtail.	new SkillRequirement(Skill.HUNTER, 9)
Western Provinces	easy	Complete a novice game of Pest Control.	new CombatLevelRequirement(40)
Western Provinces	easy	Mine some Iron Ore near Piscatoris.	new SkillRequirement(Skill.MINING, 15)
Western Provinces	easy	Claim any Chompy bird hat from Rantz.	new QuestRequirement(Quest.BIG_CHOMPY_BIRD_HUNTING)
Western Provinces	easy	Have Brimstail teleport you to the Essence Mine.	new QuestRequirement(Quest.RUNE_MYSTERIES)
Western Provinces	easy	Fletch an Oak Shortbow in the Gnome Stronghold.	new SkillRequirement(Skill.FLETCHING, 20)
Western Provinces	medium	Take the agility shortcut from the Grand Tree to Otto's Grotto.	new SkillRequirement(Skill.AGILITY, 37), new QuestRequirement(Quest.TREE_GNOME_VILLAGE), new QuestRequirement(Quest.THE_GRAND_TREE)
Western Provinces	medium	Travel to the Gnome Stronghold by Spirit Tree.	new QuestRequirement(Quest.TREE_GNOME_VILLAGE)
Western Provinces	medium	Trap a Spined Larupia.	new SkillRequirement(Skill.HUNTER, 31)
Western Provinces	medium	Fish some Bass on Ape Atoll.	new SkillRequirement(Skill.FISHING, 46), new QuestRequirement(Quest.MONKEY_MADNESS_I, true)
Western Provinces	medium	Chop and burn some teak logs on Ape Atoll.	new SkillRequirement(Skill.WOODCUTTING, 35), new SkillRequirement(Skill.FIREMAKING, 35), new QuestRequirement(Quest.MONKEY_MADNESS_I, true)
Western Provinces	medium	Complete an intermediate game of Pest Control.	new CombatLevelRequirement(70)
Western Provinces	medium	Travel to the Feldip Hills by Gnome Glider.	new QuestRequirement(Quest.ONE_SMALL_FAVOUR), new QuestRequirement(Quest.THE_GRAND_TREE)
Western Provinces	medium	Claim a Chompy bird hat from Rantz after registering at least 125 kills.	new QuestRequirement(Quest.BIG_CHOMPY_BIRD_HUNTING)
Western Provinces	medium	Travel from Eagles' Peak to the Feldip Hills by Eagle.	new QuestRequirement(Quest.EAGLES_PEAK)
Western Provinces	medium	Make a Chocolate Bomb at the Grand Tree.	new SkillRequirement(Skill.COOKING, 42)
Western Provinces	medium	Complete a delivery for the Gnome Restaurant.	new SkillRequirement(Skill.COOKING, 29)
Western Provinces	medium	Turn your small crystal seed into a Crystal saw.	new QuestRequirement(Quest.THE_EYES_OF_GLOUPHRIE)
Western Provinces	medium	Mine some Gold ore underneath the Grand Tree.	new SkillRequirement(Skill.MINING, 40), new QuestRequirement(Quest.THE_GRAND_TREE)
Western Provinces	hard	Kill an Elf with a Crystal bow.	new SkillRequirement(Skill.RANGED, 70), new SkillRequirement(Skill.AGILITY, 56), new QuestRequirement(Quest.ROVING_ELVES)
Western Provinces	hard	Catch and cook a Monkfish in Piscatoris.	new SkillRequirement(Skill.FISHING, 62), new SkillRequirement(Skill.COOKING, 62), new QuestRequirement(Quest.SWAN_SONG)
Western Provinces	hard	Complete a Veteran game of Pest Control.	new CombatLevelRequirement(100)
Western Provinces	hard	Catch a Dashing Kebbit.	new SkillRequirement(Skill.HUNTER, 69)
Western Provinces	hard	Complete a lap of the Ape Atoll agility course.	new SkillRequirement(Skill.AGILITY, 48), new QuestRequirement(Quest.MONKEY_MADNESS_I)
Western Provinces	hard	Chop and burn some Mahogany logs on Ape Atoll.	new SkillRequirement(Skill.WOODCUTTING, 50), new SkillRequirement(Skill.FIREMAKING, 50), new QuestRequirement(Quest.MONKEY_MADNESS_I)
Western Provinces	hard	Mine some Adamantite ore in Tirannwn.	new SkillRequirement(Skill.MINING, 70), new QuestRequirement(Quest.REGICIDE)
Western Provinces	hard	Check the health of your Palm tree in Lletya.	new SkillRequirement(Skill.FARMING, 68), new QuestRequirement(Quest.MOURNINGS_END_PART_I, true)
Western Provinces	hard	Claim a Chompy bird hat from Rantz after registering at least 300 kills.	new QuestRequirement(Quest.BIG_CHOMPY_BIRD_HUNTING)
Western Provinces	hard	Build an Isafdar painting in your POH Quest hall.	new SkillRequirement(Skill.CONSTRUCTION, 65), new QuestRequirement(Quest.ROVING_ELVES)
Western Provinces	hard	Kill Zulrah.	new QuestRequirement(Quest.REGICIDE, true)
Western Provinces	hard	Teleport to Ape Atoll.	new SkillRequirement(Skill.MAGIC, 64), new QuestRequirement(Quest.RECIPE_FOR_DISASTER, true)
Western Provinces	hard	Pickpocket a Gnome.	new SkillRequirement(Skill.THIEVING, 75)
Western Provinces	elite	Fletch a Magic Longbow in Tirannwn.	new SkillRequirement(Skill.FLETCHING, 85), new QuestRequirement(Quest.MOURNINGS_END_PART_I)
Western Provinces	elite	Kill the Thermonuclear Smoke devil (Does not require task).	new SkillRequirement(Skill.SLAYER, 93)
Western Provinces	elite	Have Prissy Scilla protect your Magic tree.	new SkillRequirement(Skill.FARMING, 75)
Western Provinces	elite	Use the Elven overpass advanced cliffside shortcut.	new SkillRequirement(Skill.AGILITY, 85), new QuestRequirement(Quest.UNDERGROUND_PASS)
Western Provinces	elite	Claim a Chompy bird hat from Rantz after registering at least 1000 kills.	new QuestRequirement(Quest.BIG_CHOMPY_BIRD_HUNTING)
Western Provinces	elite	Pickpocket an Elf.	new SkillRequirement(Skill.THIEVING, 85), new QuestRequirement(Quest.MOURNINGS_END_PART_I, true)
Wilderness	easy	Cast Low Alchemy at the Fountain of Rune.	new SkillRequirement(Skill.MAGIC, 21)
Wilderness	easy	Kill an Earth Warrior in the Wilderness beneath Edgeville.	new SkillRequirement(Skill.AGILITY, 15)
Wilderness	easy	Mine some Iron ore in the Wilderness.	new SkillRequirement(Skill.MINING, 15)
Wilderness	easy	Have the Mage of Zamorak teleport you to the Abyss.	new QuestRequirement(Quest.ENTER_THE_ABYSS)
Wilderness	medium	Mine some Mithril ore in the wilderness.	new SkillRequirement(Skill.MINING, 55)
Wilderness	medium	Chop some yew logs from a fallen Ent.	new SkillRequirement(Skill.WOODCUTTING, 61)
Wilderness	medium	Enter the Wilderness Godwars Dungeon.	new OrRequirement( new SkillRequirement(Skill.AGILITY, 60), new SkillRequirement(Skill.STRENGTH, 60) )
Wilderness	medium	Complete a lap of the Wilderness Agility course.	new SkillRequirement(Skill.AGILITY, 52)
Wilderness	medium	Charge an Earth Orb.	new SkillRequirement(Skill.MAGIC, 60)
Wilderness	medium	Kill a Bloodveld in the Wilderness Godwars Dungeon.	new SkillRequirement(Skill.SLAYER, 50)
Wilderness	medium	Smith a Golden helmet in the Resource Area.	new SkillRequirement(Skill.SMITHING, 50), new QuestRequirement(Quest.BETWEEN_A_ROCK, true)
Wilderness	hard	Cast one of the 3 God spells against another player in the Wilderness.	new SkillRequirement(Skill.MAGIC, 60), new QuestRequirement(Quest.MAGE_ARENA_I)
Wilderness	hard	Charge an Air Orb.	new SkillRequirement(Skill.MAGIC, 66)
Wilderness	hard	Catch a Black Salamander in the Wilderness.	new SkillRequirement(Skill.HUNTER, 67)
Wilderness	hard	Smith an Adamant scimitar in the Resource Area.	new SkillRequirement(Skill.SMITHING, 75)
Wilderness	hard	Take the agility shortcut from Trollheim into the Wilderness.	new SkillRequirement(Skill.AGILITY, 64), new QuestRequirement(Quest.DEATH_PLATEAU)
Wilderness	hard	Kill a Spiritual warrior in the Wilderness Godwars Dungeon.	new SkillRequirement(Skill.SLAYER, 68)
Wilderness	hard	Fish some Raw Lava Eel in the Wilderness.	new SkillRequirement(Skill.FISHING, 53)
Wilderness	elite	Teleport to Ghorrock.	new SkillRequirement(Skill.MAGIC, 96), new QuestRequirement(Quest.DESERT_TREASURE_I)
Wilderness	elite	Fish and Cook a Dark Crab in the Resource Area.	new SkillRequirement(Skill.FISHING, 85), new SkillRequirement(Skill.COOKING, 90)
Wilderness	elite	Smith a rune scimitar from scratch in the Resource Area.	new SkillRequirement(Skill.MINING, 85), new SkillRequirement(Skill.SMITHING, 90)
Wilderness	elite	Steal from the Rogues' chest.	new SkillRequirement(Skill.THIEVING, 84)
Wilderness	elite	Slay a spiritual mage inside the wilderness Godwars Dungeon.	new SkillRequirement(Skill.SLAYER, 83), new OrRequirement( new SkillRequirement(Skill.AGILITY, 60), new SkillRequirement(Skill.STRENGTH, 60) )
Wilderness	elite	Cut and burn some magic logs in the Resource Area.	new SkillRequirement(Skill.WOODCUTTING, 75), new SkillRequirement(Skill.FIREMAKING, 75)
